timestamp,grade,sm_time,sm_accounts,sm_platform_facebook,sm_platform_instagram,sm_platform_snapchat,sm_platform_tiktok,sm_platform_twitter,sm_platform_discord,sm_platform_tumblr,sm_platform_reddit,sm_platform_wechat,sm_platform_whatsapp,sm_platform_twitch,sm_followers,sm_posting,sm_reason,sm_like_import,sm_beg_freq,sm_addiction,sm_comfort_me,sm_comfort_others,sm_celebs_koshy,sm_celebs_jake_paul,sm_celebs_cerny,sm_celebs_dallas,sm_celebs_none,sm_celebs_pons,sm_celebs_zoella,sm_celebs_nunes,sm_celebs_rubius,sm_celebs_zurita,sm_celebs_beauty,sm_celebs_logan_paul,sm_celebs_charles,sm_celebs_perfect,sm_celebs_markiplier,sm_celebs_pewdiepie,sm_strangers,sm_hacked
10/15/2019 15:51:09,6,4,5,0,1,0,0,0,1,0,0,0,0,0,0,,3,1,0,2,2,5,0,0,0,0,0,0,0,0,0,0,0,0,0,0,0,1,0,0
10/15/2019 20:16:15,9,5,5,0,1,0,1,0,0,0,0,0,1,0,3,0,3,3,0,4,2,4,0,0,0,0,1,0,0,0,0,0,0,0,0,0,0,0,3,0
10/15/2019 21:47:27,9,2,,0,1,0,0,0,1,0,1,0,0,0,1,1,3,3,0,3,4,3,0,0,0,0,0,0,0,0,0,0,0,0,0,0,0,0,2,0
10/15/2019 21:57:13,9,3,10,0,1,0,0,1,0,0,0,0,1,0,2,1,3,1,1,4,2,4,0,0,0,0,0,0,0,0,0,0,0,0,0,0,0,0,2,0
10/15/2019 22:20:56,9,2,6,0,1,0,0,0,1,0,0,0,1,0,1,0,3,1,0,2,2,3,0,0,0,0,0,0,0,0,0,0,0,0,0,0,0,0,0,0
10/16/2019 9:28:29,7,1,5,0,1,0,0,0,0,0,0,1,1,0,1,0,4,2,0,2,3,3,0,0,0,0,0,0,0,0,0,0,0,0,0,0,0,0,,0
10/16/2019 9:29:03,6,1,1,0,0,0,0,0,1,0,0,0,0,0,0,0,5,1,0,2,1,3,0,0,0,0,1,0,0,0,0,0,0,0,0,0,0,0,,0
10/16/2019 9:55:54,7,0,1,1,0,0,0,0,0,0,0,0,1,0,0,0,1,1,0,1,1,2,0,0,0,0,1,0,0,0,0,0,0,0,0,0,0,0,0,0
10/16/2019 9:58:59,7,2,5,0,1,0,0,0,1,0,0,0,1,0,1,1,5,2,0,3,3,3,0,0,0,0,1,0,0,0,0,0,0,0,0,0,0,0,0,0
10/16/2019 10:22:11,6,0,0,0,0,0,0,0,0,0,0,0,0,0,0,0,4,2,0,1,3,3,0,0,0,0,1,0,0,0,0,0,0,0,0,0,0,0,0,0
10/16/2019 10:22:27,12,3,6,0,1,1,0,0,0,0,0,0,1,0,2,0,5,1,0,4,3,4,0,0,0,0,1,0,0,0,0,0,0,0,0,0,0,0,,0
10/16/2019 10:29:27,,2,2,0,1,0,0,0,0,0,0,0,1,0,1,2,3,2,0,1,3,3,0,0,0,0,0,0,0,0,0,0,0,0,0,0,0,0,3,0
10/16/2019 10:30:25,6,2,5,0,1,1,0,0,0,0,0,0,1,0,,,3,2,0,1,2,3,0,0,0,0,0,1,0,0,0,0,0,0,0,0,0,0,3,0
10/16/2019 10:33:27,6,2,6,0,0,0,0,0,1,0,0,0,1,0,1,0,1,3,2,3,2,1,0,0,0,0,0,0,0,0,0,0,0,0,0,0,0,0,,0
10/16/2019 10:33:51,12,3,7,1,1,0,0,0,1,0,0,0,0,0,0,0,3,1,0,1,4,3,0,0,0,0,0,0,0,0,0,0,0,0,0,0,0,0,,
10/16/2019 10:34:53,6,2,3,0,0,0,0,0,0,0,0,0,1,1,0,0,3,1,0,4,1,5,0,0,0,0,0,0,0,0,0,0,0,0,0,0,0,1,,0
10/16/2019 10:48:40,7,1,5,0,1,0,0,0,1,0,1,0,0,0,0,2,2,3,0,3,2,3,0,0,0,0,1,0,0,0,0,0,0,0,0,0,0,0,,0
10/16/2019 10:52:53,7,,3,0,1,0,0,0,1,0,1,0,0,0,0,0,5,1,0,1,5,3,0,0,0,0,0,0,0,0,0,0,0,0,0,0,0,1,,0
10/16/2019 10:59:14,8,3,,0,1,0,0,1,1,0,0,0,0,0,1,0,3,2,0,4,1,5,0,0,0,0,1,0,0,0,0,0,0,0,0,0,0,1,2,0
10/16/2019 11:00:54,6,2,4,0,0,0,0,0,1,0,1,0,0,1,0,2,5,1,0,3,5,5,0,0,0,0,0,0,0,0,0,0,0,0,1,0,0,1,,0
10/16/2019 11:00:57,7,3,5,0,0,0,0,1,1,0,0,0,0,0,2,2,5,1,0,2,3,4,0,0,0,0,1,0,0,0,0,0,0,0,0,0,0,0,2,0
10/16/2019 11:01:52,6,2,4,0,0,0,0,0,1,0,1,0,1,0,0,2,3,4,0,4,4,5,0,0,0,0,0,0,0,0,0,0,0,0,0,0,0,1,,0
10/16/2019 11:02:36,6,2,6,0,1,0,1,0,0,0,0,0,1,0,1,1,3,1,0,1,4,3,0,0,0,0,0,0,0,0,0,0,0,0,0,0,0,1,0,0
10/16/2019 11:02:53,12,6,10,1,1,1,0,0,0,0,0,0,0,0,,4,5,5,1,5,5,5,0,0,0,0,0,0,0,0,0,0,0,1,1,0,0,1,,
10/16/2019 11:02:57,6,1,,0,0,0,0,0,1,0,0,0,1,0,0,0,5,1,0,2,2,4,0,0,0,0,1,0,0,0,0,0,0,0,0,0,0,0,2,0
10/16/2019 11:03:07,6,6,69420,0,1,1,1,0,0,0,0,0,0,0,,4,1,5,4,1,1,1,1,0,1,0,0,0,0,0,1,0,0,0,0,0,0,0,,1
10/16/2019 11:05:18,6,2,4,0,0,0,0,0,1,0,1,0,1,0,0,,5,2,0,2,5,3,0,0,0,0,0,0,0,0,0,0,0,0,0,1,0,0,,0
10/16/2019 11:06:23,6,3,1,0,1,0,0,0,0,0,0,0,0,0,1,0,3,1,0,1,1,1,0,0,0,0,0,0,0,0,0,0,0,0,0,0,0,0,,0
10/16/2019 11:06:41,6,2,4,0,1,0,0,1,1,0,0,0,0,0,0,1,5,2,0,3,4,,0,0,0,0,0,0,0,0,0,0,0,0,0,0,0,0,0,0
10/16/2019 11:07:03,6,3,7,0,0,0,0,1,1,0,1,0,0,0,0,,3,1,0,5,1,5,0,0,0,0,0,0,0,0,0,0,0,0,0,0,0,1,2,0
10/16/2019 11:07:38,6,2,8,0,1,0,0,0,0,0,0,0,1,1,1,1,3,4,2,4,2,,0,0,0,0,0,0,0,0,0,0,0,0,0,0,0,0,,0
10/16/2019 11:19:56,7,2,5,0,0,0,0,0,0,0,1,0,1,0,1,2,4,1,0,4,5,4,0,0,0,0,0,0,0,0,0,0,0,0,0,0,0,1,,0
10/16/2019 11:30:47,8,1,1,0,0,0,0,0,1,0,0,0,0,0,0,0,5,1,0,1,2,3,0,0,0,0,1,0,0,0,0,0,0,0,0,0,0,0,2,0
10/16/2019 11:32:06,8,2,7,0,1,0,0,0,1,0,0,0,1,0,0,1,3,2,0,3,2,3,0,0,0,0,0,0,0,0,0,0,0,0,0,0,0,0,,0
10/16/2019 11:33:24,8,4,2,0,0,0,0,0,0,0,0,1,1,0,0,,5,1,0,3,2,3,0,0,0,0,0,0,0,0,0,0,0,0,0,1,0,0,,0
10/16/2019 11:35:51,7,,3,0,1,0,0,0,1,0,0,0,1,0,0,0,5,1,0,1,2,5,0,0,0,0,1,0,0,0,0,0,0,0,0,0,0,0,,0
10/16/2019 11:42:24,6,1,,0,0,0,0,0,1,0,0,0,1,0,,,5,,0,1,,5,0,0,0,0,0,0,0,0,0,0,0,0,0,0,0,0,0,0
10/16/2019 11:55:35,8,0,,0,0,0,0,1,1,0,0,1,0,0,0,,1,1,0,1,1,1,0,0,0,0,1,0,0,0,0,0,0,0,0,0,0,0,3,0
10/16/2019 12:07:10,7,3,7,0,1,1,1,0,0,0,0,0,0,0,1,,4,4,0,4,5,5,0,0,0,0,0,0,0,0,0,0,0,0,0,0,0,1,,1
10/16/2019 12:08:34,7,1,1,0,0,0,0,0,1,0,1,0,0,0,0,0,4,1,0,2,3,5,0,0,0,0,0,0,0,0,0,0,0,0,0,0,0,1,0,0
10/16/2019 12:24:10,9,0,4,0,1,0,0,0,0,0,0,0,1,0,1,1,4,3,0,3,4,3,0,0,0,0,1,0,0,0,0,0,0,0,0,0,0,0,,0
10/16/2019 12:40:59,7,4,3,0,1,0,1,0,0,0,0,0,1,0,0,,3,,2,4,4,3,0,0,0,0,1,0,0,0,0,0,0,0,0,0,0,0,3,0
10/16/2019 12:49:34,8,4,10,0,1,0,0,0,0,0,0,1,1,0,1,,3,2,0,4,3,3,0,0,0,0,0,0,0,0,0,0,0,0,0,0,0,0,2,0
10/16/2019 13:54:22,6,2,3,0,1,1,0,0,0,0,0,0,1,0,3,2,3,2,0,2,3,3,0,0,0,0,0,1,0,0,0,0,0,0,0,1,0,1,,1
10/16/2019 13:55:02,8,2,13,1,1,0,0,0,0,0,0,0,1,0,2,1,3,2,1,3,5,5,0,0,0,0,0,0,0,0,0,0,0,0,0,1,0,0,,1
10/16/2019 14:09:35,11,3,13,0,1,0,0,1,1,0,0,0,0,0,0,2,3,2,0,4,2,4,0,0,0,0,0,0,0,0,0,0,0,0,0,0,0,1,,0
10/16/2019 14:10:48,7,1,,0,0,0,0,0,0,0,0,0,1,0,0,0,4,3,0,3,3,3,0,0,0,0,0,0,0,0,0,0,0,0,0,0,0,0,,0
10/16/2019 14:13:02,11,5,4,0,1,0,0,0,0,0,0,0,1,0,4,3,3,2,1,3,2,4,0,0,0,0,0,0,0,0,0,0,0,0,0,0,0,1,,
10/16/2019 14:15:05,7,3,2,0,1,0,0,0,0,0,0,0,1,0,2,2,2,4,1,4,1,2,1,0,0,0,0,1,0,0,0,1,0,0,0,0,0,0,2,1
10/16/2019 14:22:39,11,3,7,0,1,0,0,0,0,0,1,0,1,0,0,0,3,2,0,3,2,4,0,0,0,0,1,0,0,0,0,0,0,0,0,0,0,0,0,0
10/16/2019 14:27:32,7,4,7,0,1,0,0,0,0,0,1,0,1,0,1,1,3,3,0,3,3,3,0,0,0,0,0,0,0,0,0,0,0,0,0,0,0,1,,0
10/16/2019 14:40:13,8,6,5,0,0,0,0,0,0,0,1,0,0,0,0,1,4,1,1,4,1,2,0,0,0,0,1,0,0,0,0,0,1,0,0,0,0,0,,1
10/16/2019 15:24:12,7,4,10,0,1,0,0,0,0,0,0,0,1,0,2,1,3,4,1,3,3,3,0,0,0,0,0,0,0,0,0,0,0,0,0,0,0,0,0,0
10/16/2019 15:24:59,7,3,8,0,1,1,1,0,0,0,0,0,0,0,2,1,3,3,1,4,4,5,1,0,0,0,0,0,0,0,0,0,0,0,0,0,0,0,2,0
10/16/2019 15:26:31,7,3,6,0,1,0,0,0,0,0,0,0,1,0,1,0,3,2,0,1,3,3,0,0,0,0,0,0,0,0,0,0,0,0,0,0,0,1,,0
10/16/2019 15:34:38,6,1,3,0,0,0,0,0,1,0,0,1,0,0,0,0,5,1,0,1,4,4,0,0,0,0,1,0,0,0,0,0,0,0,0,0,0,0,0,0
10/16/2019 15:43:43,7,2,5,0,0,0,0,0,0,0,1,0,1,0,1,2,4,1,0,4,5,4,0,0,0,0,0,0,0,0,0,0,0,0,0,0,0,1,,0
10/16/2019 15:53:15,11,2,3,0,1,1,0,0,0,0,0,0,1,0,2,0,3,2,1,2,2,4,0,0,0,0,0,0,0,0,0,0,0,1,0,0,0,1,2,0
10/16/2019 15:53:56,11,2,5,0,1,1,0,0,0,0,0,0,1,0,1,1,4,4,0,3,3,3,0,0,0,0,0,0,0,0,0,0,0,0,0,0,0,1,,0
10/16/2019 15:54:03,11,2,5,0,1,1,0,0,0,0,0,0,1,0,1,1,4,4,0,3,3,3,0,0,0,0,0,0,0,0,0,0,0,0,0,0,0,1,,0
10/16/2019 15:54:39,11,3,4,0,1,1,0,0,0,0,1,0,0,0,1,1,4,2,1,3,4,3,0,0,0,0,1,0,0,0,0,0,0,0,0,0,0,0,2,0
10/16/2019 15:56:23,6,2,6,0,1,0,0,1,1,0,0,0,0,0,1,2,3,3,0,3,3,3,0,0,0,0,0,0,0,0,0,0,0,0,0,0,0,1,2,1
10/16/2019 16:09:31,10,6,4,0,1,0,0,0,0,0,0,0,1,0,1,0,3,2,0,2,2,3,0,0,0,0,0,0,0,0,0,0,0,0,0,1,1,1,,0
10/16/2019 16:28:41,8,4,8,0,0,0,0,1,1,0,1,0,0,0,0,2,3,2,0,3,3,4,0,0,0,0,0,0,0,0,0,0,0,0,0,0,1,1,2,0
10/16/2019 16:45:59,6,3,2,0,1,0,1,0,0,0,0,0,1,0,1,0,3,3,1,4,3,3,0,0,0,0,0,1,0,0,0,0,0,0,1,0,0,0,,1
10/16/2019 16:49:07,6,2,8,0,1,0,0,0,1,0,0,0,1,0,0,0,4,2,0,4,3,3,0,0,0,0,0,0,0,0,0,0,0,0,0,0,0,1,,0
10/16/2019 17:19:02,7,0,0,0,0,0,0,0,0,0,0,0,1,0,3,,,,,,,,1,0,0,0,0,1,0,0,0,0,0,0,0,1,0,0,0,0
10/16/2019 17:28:39,6,1,1,0,0,0,0,0,1,0,0,0,0,0,0,0,5,1,0,1,1,1,0,0,0,0,1,0,0,0,0,0,0,0,0,0,0,0,0,0
10/16/2019 17:51:57,7,0,2,0,0,0,0,0,0,0,0,0,1,0,0,,2,3,0,2,1,5,0,0,0,0,0,0,0,0,0,0,0,0,0,0,0,0,,0
10/16/2019 17:55:45,7,0,0,0,0,0,0,0,0,0,0,0,0,0,,,,,0,,,,1,0,0,0,0,1,0,0,0,0,0,0,0,1,0,0,0,0
10/16/2019 18:14:43,7,2,3,0,0,0,0,0,0,0,0,1,1,0,0,0,3,3,0,3,2,5,0,0,0,0,1,0,0,0,0,0,0,0,0,0,0,0,0,0
10/16/2019 18:18:47,8,6,11,0,0,0,0,0,1,0,0,0,0,1,1,,3,1,0,4,3,4,0,0,0,0,0,0,0,0,0,0,0,0,0,0,0,0,,0
10/16/2019 18:22:18,9,3,8,0,1,0,0,0,1,0,1,0,0,0,,0,4,2,4,1,5,5,0,0,0,0,0,0,0,0,0,0,0,0,1,0,0,1,3,0
10/16/2019 18:34:34,6,0,0,0,0,0,0,0,0,0,0,0,0,0,,,,,,1,,,0,0,0,0,1,0,0,0,0,0,0,0,0,0,0,0,,
10/16/2019 19:02:52,7,3,1,0,0,0,0,0,1,0,0,0,0,0,,3,4,1,0,2,3,4,0,0,0,0,0,0,0,0,0,0,0,0,0,1,0,1,2,0
10/16/2019 19:05:46,10,2,1,0,0,0,0,0,0,0,0,0,1,0,0,0,5,1,0,1,5,5,0,0,0,0,0,0,0,0,0,0,0,0,0,0,0,0,0,0
10/16/2019 19:16:11,7,2,5,0,0,0,1,0,1,1,0,0,0,0,2,2,3,1,1,2,3,3,0,0,0,0,0,1,0,0,0,0,0,0,0,0,0,0,2,1
10/16/2019 19:20:21,7,3,8,0,1,1,1,0,0,0,0,0,0,0,1,1,2,4,4,2,1,3,0,0,0,0,0,0,0,0,0,0,0,0,0,0,0,0,,0
10/16/2019 20:12:20,9,2,2,0,1,0,0,0,0,0,0,0,0,0,1,0,4,2,0,4,2,3,0,0,0,0,1,0,0,0,0,0,0,0,0,0,0,0,3,0
10/16/2019 20:17:59,10,0,2,0,0,0,0,0,0,0,0,0,1,0,0,2,3,1,0,1,3,3,0,0,0,0,0,0,0,0,0,0,0,0,0,0,0,0,0,0
10/16/2019 20:32:31,6,0,0,0,0,0,0,0,0,0,0,0,0,0,,,,,,,,,0,0,0,0,0,0,0,0,0,0,0,0,0,0,0,0,,
10/16/2019 20:33:47,6,2,2,0,0,0,0,0,0,0,0,0,1,0,0,4,5,1,0,2,4,4,0,0,0,0,0,0,0,0,0,0,0,0,0,0,0,0,0,0
10/16/2019 21:02:02,7,0,,0,0,0,0,0,0,0,0,0,0,0,0,0,,,0,1,,,0,0,0,0,0,0,0,0,0,0,0,0,0,0,0,1,0,0
10/16/2019 21:02:20,9,1,3,1,0,0,0,0,0,0,0,0,1,0,0,2,3,2,0,1,1,1,0,0,0,0,0,0,0,0,0,0,0,0,0,1,0,0,0,
10/16/2019 21:04:09,7,1,1,0,0,0,0,0,1,0,0,0,0,0,0,2,4,1,0,2,4,2,0,0,0,0,0,0,0,0,0,0,0,0,0,1,0,0,0,0
10/16/2019 21:08:01,7,2,6,1,1,0,0,0,0,0,0,0,1,0,1,1,1,3,0,2,4,4,0,0,0,0,1,0,0,0,0,0,0,0,0,0,0,0,2,0
10/16/2019 21:10:56,9,6,6,0,1,1,1,0,0,0,0,0,0,0,,0,4,3,0,4,1,,0,0,0,0,0,0,0,0,0,0,0,0,0,0,0,1,2,1
10/16/2019 21:13:19,6,3,14,0,1,0,0,0,1,0,0,0,1,0,0,2,4,2,0,2,2,2,0,0,0,0,0,0,0,0,0,0,0,0,0,0,0,0,2,0
10/16/2019 21:20:59,7,1,2,0,1,0,0,0,0,0,0,1,1,0,2,2,2,3,2,3,5,4,0,0,0,0,0,0,0,0,0,0,0,0,0,1,0,0,2,
10/16/2019 21:38:14,9,3,1,0,1,0,1,0,0,0,0,0,1,0,2,0,4,2,0,2,3,4,0,0,0,0,1,0,0,0,0,0,0,0,0,0,0,0,2,1
10/16/2019 22:25:16,7,5,4,0,1,1,0,0,0,0,0,0,1,0,1,1,3,4,0,3,3,2,0,0,0,0,1,0,0,0,0,0,0,0,0,0,0,0,2,0
10/16/2019 22:46:19,9,3,5,0,1,0,0,1,1,0,0,0,0,0,2,0,3,2,0,4,2,4,0,0,0,0,0,0,0,0,0,0,0,0,0,0,0,0,2,0
10/17/2019 7:52:06,9,1,5,0,1,0,0,0,0,0,1,0,1,0,1,0,1,2,0,1,3,3,0,0,0,0,0,0,0,0,0,0,0,0,0,0,0,0,,0
10/17/2019 7:59:21,7,2,7,0,1,0,1,0,0,0,0,0,0,0,0,1,3,2,1,4,2,2,0,0,0,0,0,0,0,0,0,0,0,0,0,0,0,1,0,0
10/17/2019 7:59:32,7,0,5,0,0,0,0,0,0,0,0,0,0,0,0,0,2,1,0,1,3,2,0,0,0,0,0,0,0,0,0,0,0,0,0,0,0,0,,0
10/17/2019 8:00:16,7,3,4,0,1,0,0,0,0,0,0,1,1,0,2,0,4,2,1,3,4,4,0,0,0,0,0,0,0,0,0,0,0,0,0,0,0,0,2,0
10/17/2019 8:03:23,7,0,0,0,0,0,0,0,0,0,0,0,0,0,0,0,,,0,1,,,0,0,0,0,1,0,0,0,0,0,0,0,0,0,0,0,0,
10/17/2019 8:03:25,7,2,2,0,1,0,1,0,0,0,0,0,1,0,2,0,3,2,0,4,3,5,1,0,0,0,0,1,0,0,0,0,0,0,1,0,0,0,2,1
10/17/2019 8:03:26,7,2,2,0,0,0,0,0,1,0,0,0,0,0,0,0,1,1,0,2,5,4,0,0,0,0,0,0,0,0,0,0,0,0,0,1,0,1,,0
10/17/2019 8:03:40,7,3,7,0,1,0,0,0,1,0,0,0,1,0,0,2,1,1,0,2,5,4,0,0,0,0,0,0,0,0,0,0,0,0,0,1,0,1,,0
10/17/2019 8:03:55,7,2,2,0,0,0,0,0,0,0,0,0,0,0,0,,3,1,0,2,2,1,0,0,0,0,0,0,0,0,0,0,0,0,0,0,0,1,,0
10/17/2019 8:03:59,7,0,1,0,0,0,0,0,0,0,0,0,1,0,0,0,5,1,0,1,2,3,0,0,0,0,1,0,0,0,0,0,0,0,0,0,0,0,0,0
10/17/2019 8:04:00,7,2,1,0,0,0,0,0,0,0,0,1,1,0,0,0,,,0,1,1,1,0,0,0,0,0,0,0,0,0,0,0,0,0,0,0,0,0,0
10/17/2019 8:05:08,7,0,3,0,1,0,0,0,0,0,1,0,1,0,0,0,3,3,0,2,3,3,0,0,0,0,0,0,0,0,0,0,0,0,0,0,0,0,,0
10/17/2019 8:05:33,7,4,22,0,1,0,0,0,1,0,0,0,0,0,,3,3,5,3,5,4,3,0,0,0,0,0,0,0,0,0,0,0,0,0,0,0,1,3,0
10/17/2019 8:05:44,7,3,2,0,1,0,0,0,0,0,0,0,1,0,0,,2,2,0,2,2,5,0,0,0,0,1,0,0,0,0,0,0,0,0,0,0,0,,0
10/17/2019 8:05:47,11,2,2,0,0,1,0,0,1,0,1,0,0,0,0,0,2,1,0,1,1,4,0,0,0,0,0,0,0,0,0,0,0,0,0,0,1,1,0,0
10/17/2019 8:05:51,11,2,4,0,1,0,0,0,0,0,1,0,1,0,2,0,3,2,0,3,2,3,0,0,0,0,0,0,0,0,0,0,0,0,0,0,0,1,2,0
10/17/2019 8:05:59,6,2,4,0,1,0,0,0,0,0,1,0,1,0,2,0,5,2,1,3,4,4,1,0,0,0,0,0,0,0,0,0,0,0,0,0,0,0,3,0
10/17/2019 8:06:05,7,1,3,0,1,0,0,0,0,0,0,1,1,0,1,,4,1,0,2,2,4,0,0,0,0,1,0,0,0,0,0,0,0,0,0,0,0,2,0
10/17/2019 8:06:07,7,0,-9999999,0,0,0,0,0,0,0,0,0,0,0,,0,,,0,,,,0,0,0,0,0,0,0,0,0,0,0,0,0,0,0,0,0,0
10/17/2019 8:06:27,11,4,4,0,1,1,0,0,0,0,1,0,0,0,2,0,3,1,0,1,3,3,0,0,0,0,1,0,0,0,0,0,0,0,0,0,0,0,2,0
10/17/2019 8:06:27,6,2,8,0,1,0,0,0,0,0,0,0,1,1,1,1,3,4,2,4,3,,0,0,0,0,0,0,0,0,0,0,0,0,0,0,0,0,,
10/17/2019 8:06:31,7,2,,0,0,0,0,0,0,0,0,0,1,0,,0,5,2,0,3,3,3,1,0,0,0,0,1,0,0,0,0,0,0,0,0,0,0,0,0
10/17/2019 8:06:56,7,0,-9999999,0,0,0,0,0,0,0,0,0,0,0,,0,,,0,,,,0,0,0,0,0,0,0,0,0,0,0,0,0,0,0,0,0,0
10/17/2019 8:06:57,12,3,30,0,1,1,0,0,0,0,0,1,0,0,,0,2,5,4,4,1,2,0,0,0,0,0,1,0,0,0,1,1,0,0,0,0,0,,0
10/17/2019 8:06:59,7,0,-9999999,0,0,0,0,0,0,0,0,0,0,0,,0,,,0,,,,0,0,0,0,0,0,0,0,0,0,0,0,0,0,0,0,0,0
10/17/2019 8:07:03,7,2,1,0,0,0,0,0,0,0,1,0,0,0,1,1,4,1,0,2,5,5,0,0,0,0,0,0,0,0,0,0,0,0,0,0,0,0,2,0
10/17/2019 8:07:09,7,4,7,0,1,1,0,0,0,0,0,0,1,0,2,0,3,3,1,4,2,4,1,0,0,0,0,1,0,0,0,0,0,0,0,0,0,0,,0
10/17/2019 8:07:10,7,1,4,0,1,0,0,0,1,0,0,0,1,0,0,0,4,2,0,2,4,3,0,0,0,0,0,0,0,0,0,0,0,0,0,1,1,1,,0
10/17/2019 8:07:12,7,4,4,1,1,0,0,0,0,0,0,0,1,0,1,0,,1,0,2,4,5,0,0,0,0,0,0,0,0,0,0,0,0,0,0,0,0,,0
10/17/2019 8:07:13,7,2,5,0,1,1,0,0,0,0,0,0,1,0,0,,4,1,0,1,3,5,0,0,0,0,1,0,0,0,0,0,0,0,1,1,0,0,0,0
10/17/2019 8:07:15,11,2,7,0,1,1,0,0,0,0,0,0,1,0,1,0,2,3,0,3,3,3,0,0,0,0,1,0,0,0,0,0,0,0,0,0,0,0,,0
10/17/2019 8:07:17,7,2,,0,1,0,1,0,0,0,0,0,1,0,1,2,2,2,0,5,3,3,0,0,0,0,0,1,0,0,0,1,0,0,0,0,0,0,2,0
10/17/2019 8:07:22,7,3,,0,1,0,0,0,1,0,0,1,0,0,2,1,4,3,0,2,3,4,0,0,0,0,0,0,0,0,0,0,0,0,0,1,0,0,2,0
10/17/2019 8:07:34,7,4,2,0,0,1,0,0,0,0,0,0,1,0,0,0,5,3,0,1,4,3,0,0,0,0,0,0,0,0,0,0,0,0,0,0,0,0,0,0
10/17/2019 8:07:37,7,1,5,0,1,1,1,0,0,0,0,0,0,0,1,1,4,1,0,2,,3,0,0,0,0,1,0,0,0,0,0,0,0,0,0,0,0,0,0
10/17/2019 8:07:38,7,2,5,0,1,1,1,0,0,0,0,0,0,0,1,1,3,4,4,4,4,3,0,0,0,0,0,1,0,0,0,0,0,0,1,1,0,0,2,0
10/17/2019 8:07:42,7,3,1,0,1,0,0,0,0,0,0,1,1,0,1,0,4,5,0,2,3,4,0,0,0,0,0,0,0,0,0,0,0,0,0,0,0,0,,0
10/17/2019 8:07:42,12,4,3,0,1,0,0,0,0,0,1,0,1,0,2,0,4,1,0,3,3,4,0,0,0,0,1,0,0,0,0,0,0,0,0,0,0,0,,0
10/17/2019 8:07:42,,,,0,0,0,0,0,0,0,0,0,0,0,,,,,,,,,0,0,0,0,0,0,0,0,0,0,0,0,0,0,0,0,,
10/17/2019 8:07:45,7,5,3,0,1,0,0,0,0,0,0,1,1,0,1,0,2,2,0,3,4,3,0,0,0,0,0,0,0,0,0,0,0,0,0,1,1,1,,0
10/17/2019 8:07:45,7,0,0,0,0,0,0,0,0,0,0,0,0,0,0,0,5,1,0,1,4,2,0,0,0,0,1,0,0,0,0,0,0,0,0,0,0,0,0,0
10/17/2019 8:07:47,11,3,5,0,1,0,0,0,0,0,0,0,0,0,4,0,,3,0,3,1,3,0,0,0,0,1,0,0,0,0,0,0,0,0,0,0,0,,0
10/17/2019 8:07:48,7,0,0,0,0,0,0,0,1,0,0,0,1,0,0,0,5,1,0,1,,,0,0,0,0,1,0,0,0,0,0,0,0,0,0,0,0,0,0
10/17/2019 8:07:52,7,3,,0,0,0,0,0,0,0,0,0,1,0,0,0,1,1,0,2,2,3,0,0,0,0,1,0,0,0,0,0,0,0,0,0,0,0,0,0
10/17/2019 8:08:03,9,2,8,0,1,0,0,1,1,0,0,0,0,0,1,0,5,2,0,2,2,4,0,0,0,0,0,0,0,0,0,0,0,0,1,0,0,1,,0
10/17/2019 8:08:24,7,2,7,0,0,0,0,1,1,0,0,0,1,0,1,2,3,4,0,2,3,4,0,0,0,0,0,0,0,0,0,0,0,0,0,1,0,1,2,0
10/17/2019 8:08:36,7,0,2,0,0,0,0,0,0,0,0,1,1,0,0,0,4,1,0,2,2,4,0,0,0,0,1,0,0,0,0,0,0,0,0,0,0,0,0,0
10/17/2019 8:08:37,9,2,4,0,1,1,0,0,0,0,0,0,1,0,1,0,4,1,0,2,1,5,1,0,0,0,0,0,0,0,0,0,1,0,0,0,0,0,2,0
10/17/2019 8:08:40,7,2,4,0,1,0,1,0,0,0,0,0,1,0,3,4,4,2,1,4,5,4,0,0,0,0,0,1,0,0,0,0,0,1,1,0,0,0,3,0
10/17/2019 8:08:49,9,3,4,0,1,0,1,0,0,0,0,0,0,0,1,0,3,2,0,3,3,3,0,0,0,0,1,0,0,0,0,0,0,0,0,0,0,0,,0
10/17/2019 8:08:54,12,1,3,1,1,0,0,0,0,0,0,0,1,0,1,0,3,3,0,3,3,3,0,0,0,0,1,0,0,0,0,0,0,0,0,0,0,0,0,0
10/17/2019 8:09:09,7,1,6,0,1,0,0,0,0,0,0,1,1,0,0,1,4,1,0,2,4,2,0,0,0,0,0,0,0,0,0,0,0,0,0,1,0,0,2,1
10/17/2019 8:09:10,7,3,7,0,1,1,0,0,0,0,0,0,0,0,1,0,3,2,1,4,3,3,0,0,0,0,0,0,0,0,0,0,0,0,0,0,0,0,,0
10/17/2019 8:09:17,7,4,,0,1,1,0,0,0,0,0,0,1,0,2,1,3,4,1,5,4,5,0,0,0,0,1,0,0,0,0,0,0,0,0,0,0,0,,0
10/17/2019 8:09:19,7,6,10,0,1,1,1,0,0,0,0,0,0,0,2,0,1,5,1,5,5,5,0,0,0,0,0,1,0,0,0,0,0,0,1,0,0,0,,1
10/17/2019 8:09:22,7,0,0,0,1,0,0,0,0,0,0,0,0,0,0,0,5,1,0,1,1,5,0,0,0,0,1,0,0,0,0,0,0,0,0,0,0,0,0,
10/17/2019 8:09:26,7,0,2,0,0,0,0,0,0,0,0,1,0,0,0,0,1,2,0,1,2,3,0,0,0,0,0,0,0,0,0,0,0,0,0,1,0,1,,0
10/17/2019 8:09:27,9,2,2,0,1,0,0,0,0,0,0,1,1,0,2,0,4,3,1,3,3,4,0,0,0,0,0,0,0,0,0,0,0,0,0,0,0,0,2,0
10/17/2019 8:09:30,7,3,5,0,1,1,0,0,0,0,0,0,1,0,1,0,3,3,1,4,4,4,0,0,0,1,0,0,0,0,0,0,0,0,1,0,0,1,2,0
10/17/2019 8:09:30,7,3,2,0,1,0,0,0,0,0,0,0,1,0,2,0,4,4,1,3,4,3,0,0,0,0,0,0,0,0,0,0,0,0,0,1,0,1,,0
10/17/2019 8:09:41,9,2,3,0,1,0,0,0,1,0,0,0,1,0,1,0,1,1,0,1,2,4,0,0,0,0,0,0,0,0,0,0,0,0,0,0,1,1,,0
10/17/2019 8:09:46,9,3,,0,1,0,0,0,1,0,0,0,1,0,2,0,4,2,0,2,5,5,0,0,0,0,0,0,0,0,0,0,0,0,0,1,0,1,2,
10/17/2019 8:09:52,7,2,,0,0,0,0,0,1,0,1,0,1,0,0,2,1,1,0,2,5,5,0,0,0,0,0,0,0,0,0,0,0,0,1,0,0,1,2,0
10/17/2019 8:09:59,7,2,3,0,1,1,0,0,0,0,0,0,1,0,2,0,3,2,0,3,3,3,0,0,0,0,0,0,0,0,0,1,0,0,0,1,0,0,2,0
10/17/2019 8:10:00,7,3,5,0,1,1,0,0,0,0,0,0,1,0,1,1,3,2,0,3,4,2,0,0,0,0,0,1,0,0,0,0,0,0,0,0,0,0,,0
10/17/2019 8:10:01,7,1,1,0,0,0,0,0,1,0,0,0,0,0,0,,3,1,0,2,1,2,0,0,0,0,1,0,0,0,0,0,0,0,0,0,0,0,3,
10/17/2019 8:10:05,7,3,2,0,1,0,0,0,0,0,0,0,1,0,2,0,3,3,2,2,4,4,0,0,0,0,0,0,0,0,0,0,0,0,0,0,0,0,,0
10/17/2019 8:10:09,7,2,15,0,1,0,0,0,1,0,0,1,0,0,1,,4,3,0,3,3,4,0,0,0,0,0,0,0,0,0,0,0,0,0,0,0,0,2,0
10/17/2019 8:10:11,7,1,2,0,0,0,0,0,0,0,0,0,1,0,,,5,2,0,3,3,2,0,0,0,0,1,0,0,0,0,0,0,0,0,0,0,0,0,0
10/17/2019 8:10:12,7,3,1,0,1,1,0,0,0,0,0,0,1,0,2,0,4,1,0,3,3,4,0,0,0,0,1,0,0,0,0,0,0,0,0,0,0,0,3,0
10/17/2019 8:10:18,9,5,11,0,1,0,0,0,1,0,0,0,1,0,1,0,3,3,1,3,4,3,0,0,1,0,0,0,0,0,0,0,0,0,0,1,0,1,,0
10/17/2019 8:10:20,7,2,2,0,0,0,0,0,1,0,0,0,1,0,0,0,3,1,0,1,3,4,0,0,0,0,1,0,0,0,0,0,0,0,0,0,0,0,3,0
10/17/2019 8:10:29,7,1,6,0,1,0,0,0,0,0,1,0,1,0,1,,4,,0,3,4,3,0,0,0,0,0,0,0,0,0,0,0,0,0,0,0,1,2,0
10/17/2019 8:10:30,10,3,5,0,1,1,0,0,0,0,0,0,1,0,2,0,3,4,0,3,3,3,0,0,0,0,0,0,0,0,0,0,0,0,0,0,0,0,,1
10/17/2019 8:10:36,7,3,10,0,1,0,0,1,0,0,0,0,1,0,2,1,2,1,1,3,4,4,0,0,0,0,0,0,0,0,0,0,0,0,0,0,0,1,,0
10/17/2019 8:10:38,7,2,3,0,1,1,0,1,0,0,0,0,0,0,2,0,3,2,2,3,4,4,0,0,0,0,1,0,0,0,0,0,0,0,0,0,0,0,2,0
10/17/2019 8:10:41,12,1,7,0,1,0,0,0,0,0,1,0,1,0,0,0,3,1,0,2,2,4,0,0,0,0,0,0,0,0,0,0,0,0,0,1,1,1,0,0
10/17/2019 8:10:45,7,2,4,0,1,1,0,0,0,0,0,0,1,0,1,0,3,3,0,3,3,3,0,0,0,0,0,1,0,0,0,0,0,0,0,0,0,0,,0
10/17/2019 8:10:57,12,3,2,0,0,0,0,0,0,0,0,1,1,0,0,1,3,4,0,3,4,5,0,0,0,0,1,0,0,0,0,0,0,0,0,1,0,0,0,0
10/17/2019 8:10:58,7,2,8,1,1,0,0,0,0,0,0,0,1,0,1,1,3,2,0,4,1,3,0,0,0,0,0,0,0,0,0,0,0,0,0,0,0,1,2,0
10/17/2019 8:10:58,7,0,,0,0,0,0,0,0,0,0,0,1,0,,,,,,,,,0,0,0,0,0,0,0,0,0,0,0,0,0,0,0,0,,
10/17/2019 8:11:16,7,1,2,0,1,0,0,0,0,0,0,0,1,0,2,1,3,2,0,2,2,2,0,0,0,0,0,0,0,0,0,0,0,0,0,1,0,1,2,0
10/17/2019 8:11:18,7,3,4,0,1,0,0,0,0,0,0,0,1,0,1,1,5,3,0,3,4,5,0,0,0,0,0,1,0,0,0,0,0,0,0,0,0,0,,0
10/17/2019 8:11:31,7,3,5,0,1,1,0,0,0,0,0,0,1,0,2,0,3,5,2,4,5,4,0,0,0,0,0,0,0,0,0,0,0,0,0,0,0,1,3,0
10/17/2019 8:11:38,10,3,24,0,1,0,0,1,0,0,0,0,1,0,2,2,4,3,0,5,3,5,0,0,0,0,1,0,0,0,0,0,0,0,0,0,0,0,,0
10/17/2019 8:11:38,8,3,3,0,1,0,0,0,0,0,0,0,1,0,0,0,2,1,0,4,2,3,0,0,0,0,0,0,0,0,0,0,0,0,0,0,0,1,,0
10/17/2019 8:11:58,7,0,0,0,0,0,0,0,0,0,0,0,0,0,,,,,,,,,0,0,0,0,1,0,0,0,0,0,0,0,0,0,0,0,,
10/17/2019 8:12:02,10,3,8,0,1,0,0,0,1,1,0,0,0,0,0,1,,1,0,4,3,4,0,0,0,0,0,0,0,0,0,0,0,0,0,0,1,1,0,0
10/17/2019 8:12:05,7,1,1,0,0,0,0,0,0,0,0,0,1,0,0,0,4,1,0,1,2,4,0,0,0,0,1,0,0,0,0,0,0,0,0,0,0,0,0,0
10/17/2019 8:12:08,10,3,11,0,1,0,0,0,1,0,0,0,1,0,0,0,4,2,0,1,2,4,0,0,0,0,0,0,0,0,0,0,0,0,0,0,0,1,,0
10/17/2019 8:12:14,7,2,2,0,0,0,0,0,0,0,0,1,1,0,0,0,5,1,0,2,3,3,0,0,0,0,1,0,0,0,0,0,0,0,0,0,0,0,0,0
10/17/2019 8:12:15,8,5,3,0,1,1,0,0,0,0,0,0,1,0,2,0,4,1,0,3,3,4,0,0,0,0,1,0,0,0,0,0,0,0,0,0,0,0,,1
10/17/2019 8:12:20,7,0,5,0,0,0,0,1,1,0,0,1,0,0,0,0,5,1,0,1,1,5,0,0,0,0,1,0,0,0,0,0,0,0,0,0,0,0,0,0
10/17/2019 8:12:29,7,4,7,0,1,0,0,0,0,0,0,0,1,1,1,1,1,2,1,4,3,3,0,0,0,0,1,0,0,0,0,0,0,0,0,0,0,0,,0
10/17/2019 8:12:42,7,2,9,0,0,0,0,0,0,0,1,0,1,1,1,,2,3,0,3,5,4,0,0,0,0,0,0,0,0,0,0,0,0,0,0,0,1,2,
10/17/2019 8:13:05,8,3,69,0,0,0,0,0,1,0,0,0,1,1,0,0,5,1,0,2,2,4,0,1,0,0,0,0,0,0,0,0,0,1,0,0,0,1,,0
10/17/2019 8:13:13,7,1,2,0,1,0,0,0,0,0,0,0,1,0,1,0,4,1,0,1,,5,0,0,0,0,0,0,0,0,0,0,0,0,0,0,0,1,0,0
10/17/2019 8:13:38,7,0,4,0,1,0,0,1,0,0,0,1,0,0,1,1,2,2,0,1,4,5,0,1,1,0,0,1,0,0,0,0,0,0,0,0,0,0,2,0
10/17/2019 8:13:43,7,4,6,0,1,1,0,0,0,0,0,0,1,0,2,1,4,4,1,4,4,4,0,0,0,0,1,0,0,0,0,0,0,0,0,0,0,0,3,0
10/17/2019 8:13:46,9,4,7,0,1,1,0,0,0,0,0,0,1,0,2,0,3,4,4,4,5,4,0,0,0,0,0,0,0,0,0,0,0,0,0,0,0,0,2,
10/17/2019 8:13:46,6,1,8,0,1,0,0,0,0,0,1,0,1,0,0,0,4,2,0,4,3,3,0,0,0,0,0,0,0,0,0,0,0,0,0,0,0,1,,0
10/17/2019 8:13:48,7,5,4,0,1,1,1,0,0,0,0,0,0,0,4,1,5,3,4,3,4,4,0,0,0,0,0,0,0,0,0,0,0,0,0,0,0,0,,0
10/17/2019 8:13:50,7,3,4,0,1,1,0,0,0,0,0,1,0,0,2,0,3,3,1,4,3,4,0,0,0,0,0,0,0,0,0,0,0,0,0,0,0,0,2,0
10/17/2019 8:13:57,7,1,3,0,0,0,0,0,0,0,0,1,0,0,0,0,5,1,0,1,3,3,0,0,0,0,1,0,0,0,0,0,0,0,0,0,0,0,0,0
10/17/2019 8:14:02,7,4,6,0,1,0,1,0,0,0,0,0,1,0,2,1,5,1,0,3,4,3,1,0,0,0,0,0,0,0,0,0,0,0,0,0,0,0,,0
10/17/2019 8:14:05,7,3,2,0,1,0,0,0,1,0,0,0,1,0,2,1,3,3,1,3,4,5,0,1,0,0,0,1,0,0,0,1,0,0,0,0,0,0,,0
10/17/2019 8:14:08,8,4,10,0,1,0,0,0,1,0,0,1,0,0,0,1,3,2,0,3,3,4,0,0,0,0,0,0,0,0,0,0,0,0,0,0,0,0,,1
10/17/2019 8:14:44,8,6,8,0,1,0,0,0,1,0,1,0,0,0,1,4,3,1,0,3,5,4,0,0,0,0,0,0,0,0,0,0,0,0,0,0,1,1,3,0
10/17/2019 8:14:46,7,2,5,0,1,0,0,0,1,0,0,0,1,0,1,0,3,2,0,3,3,3,0,0,0,0,0,0,0,0,0,0,0,0,0,0,0,0,,0
10/17/2019 8:14:53,7,4,15,0,1,1,0,1,0,0,0,0,0,0,4,0,3,3,1,4,4,3,0,0,0,0,0,1,0,0,0,0,0,0,1,0,0,0,3,0
10/17/2019 8:15:03,6,0,2,0,1,0,0,0,0,0,0,0,0,0,0,1,4,3,0,2,3,3,0,0,0,0,1,0,0,0,0,0,0,0,0,0,0,0,,0
10/17/2019 8:15:03,7,3,2,0,1,0,0,0,1,0,0,0,1,0,1,2,4,4,1,3,4,4,0,0,0,0,0,0,0,0,0,0,0,0,0,0,0,0,,0
10/17/2019 8:15:22,7,3,9,0,1,0,0,1,0,0,0,0,1,0,1,0,4,1,0,3,4,4,0,0,0,0,1,0,0,0,0,0,0,0,0,0,0,0,,0
10/17/2019 8:15:26,7,3,7,0,1,1,1,0,0,0,0,0,0,0,1,1,4,3,0,4,4,5,0,0,0,0,0,0,0,0,0,0,0,0,0,1,0,1,2,0
10/17/2019 8:15:38,6,2,,0,0,0,0,0,1,0,0,0,1,0,,0,5,,,1,3,3,0,0,0,0,0,0,0,0,0,0,0,0,0,0,0,0,0,0
10/17/2019 8:15:45,7,4,3,0,1,0,0,1,0,0,0,0,1,0,1,0,3,4,1,3,5,5,0,0,0,0,0,0,0,0,0,0,0,0,0,0,0,0,0,0
10/17/2019 8:15:50,8,2,8,0,1,0,1,0,0,0,0,1,0,0,1,2,3,3,0,1,4,3,0,0,0,0,0,0,0,0,0,0,0,0,0,0,0,1,,0
10/17/2019 8:16:05,7,1,1,0,0,0,0,0,0,0,0,0,1,0,0,,5,,0,1,,,0,0,0,0,0,0,0,0,0,0,0,0,0,0,0,0,0,0
10/17/2019 8:16:13,7,2,6,0,1,1,0,0,0,0,0,0,1,0,1,1,4,3,1,3,5,4,0,0,0,0,0,0,0,0,0,0,0,0,0,0,0,1,2,0
10/17/2019 8:16:15,6,1,2,0,0,0,0,0,0,0,0,1,1,0,0,1,3,2,0,1,2,3,0,0,0,0,1,0,0,0,0,0,0,0,0,0,0,0,0,0
10/17/2019 8:16:20,6,3,3,0,0,0,0,0,1,0,0,0,0,0,0,2,4,2,2,2,3,3,0,0,0,0,1,0,0,0,0,0,0,0,0,0,0,0,0,0
10/17/2019 8:16:22,8,1,3,0,1,0,1,0,0,0,0,0,1,0,3,0,3,3,0,3,3,3,0,0,0,0,0,0,0,0,0,0,0,0,0,1,0,1,2,0
10/17/2019 8:16:26,12,2,3,0,1,1,0,0,0,0,1,0,0,0,1,0,3,1,0,2,3,3,0,0,0,0,0,0,0,0,0,0,0,0,0,0,0,1,0,1
10/17/2019 8:16:34,6,1,3,0,0,0,1,0,0,0,0,1,1,0,1,,3,1,0,2,2,,0,0,0,0,0,0,0,0,0,0,0,0,0,0,0,0,0,0
10/17/2019 8:16:40,6,6,69,0,1,1,1,0,0,0,0,0,0,0,,4,1,5,4,1,1,5,0,0,0,0,0,0,0,1,0,0,0,0,1,0,0,1,,1
10/17/2019 8:16:44,7,2,5,0,1,0,0,0,1,0,0,0,1,0,1,0,3,1,0,2,2,2,1,0,0,0,0,1,0,0,0,0,0,0,0,0,0,0,,0
10/17/2019 8:16:47,6,1,2,0,0,0,0,1,1,0,0,0,0,0,0,,5,1,0,1,1,1,0,0,0,0,1,0,0,0,0,0,0,0,0,0,0,0,,0
10/17/2019 8:16:53,8,2,1,0,0,0,0,0,0,0,0,1,0,0,0,1,4,3,0,2,3,3,0,0,0,0,0,0,0,0,0,0,0,0,0,0,0,0,0,0
10/17/2019 8:16:58,6,1,3,0,1,1,0,0,0,0,0,0,1,0,0,1,3,2,0,1,1,2,0,0,0,0,1,0,0,0,0,0,0,0,0,0,0,0,0,0
10/17/2019 8:17:08,7,3,10,0,1,1,1,0,0,0,0,0,0,0,2,0,4,2,1,4,2,5,0,0,0,0,1,1,0,0,0,0,0,0,1,0,0,0,,0
10/17/2019 8:17:08,8,2,8,0,1,0,0,1,0,0,0,1,0,0,0,2,3,2,0,4,3,4,0,0,0,0,0,0,0,0,0,0,0,0,0,0,0,0,,0
10/17/2019 8:17:53,12,6,7,1,1,1,0,0,0,0,0,0,0,0,2,0,3,3,0,4,2,4,0,0,0,0,1,0,0,0,0,0,0,0,0,0,0,0,0,0
10/17/2019 8:18:15,12,4,11,0,1,1,0,0,0,0,0,0,1,0,4,0,3,1,0,3,5,,0,0,0,0,0,0,0,0,0,0,0,0,0,0,1,1,2,0
10/17/2019 8:18:54,7,1,14,0,0,0,0,0,1,0,1,0,0,1,0,0,5,1,0,1,1,1,0,0,0,0,0,0,0,0,0,0,0,0,0,0,0,1,0,0
10/17/2019 8:20:32,12,2,4,0,1,1,0,0,0,1,0,0,0,0,0,0,3,2,0,4,4,5,0,0,0,0,1,0,0,0,0,0,0,0,0,0,0,0,,0
10/17/2019 8:25:26,8,2,2,0,1,0,0,0,0,0,0,1,0,0,2,0,3,1,1,3,2,4,0,0,0,0,1,0,0,0,0,0,0,0,0,0,0,0,3,0
10/17/2019 8:43:42,7,3,4,0,0,1,1,0,0,0,0,0,1,0,1,0,4,1,0,2,3,4,0,0,0,0,1,0,0,0,0,0,0,0,0,0,0,0,2,0
10/17/2019 9:01:39,12,2,3,1,1,0,0,0,0,0,0,0,1,0,3,1,4,2,1,2,3,3,0,0,0,0,0,0,0,0,0,0,0,0,0,0,0,0,2,0
10/17/2019 9:40:47,6,2,7,0,1,1,0,0,0,0,0,0,1,0,0,0,2,3,0,2,2,3,0,0,0,0,1,0,0,0,0,0,0,0,0,0,0,0,,0
10/17/2019 9:54:12,7,1,4,0,0,0,0,0,0,0,0,1,0,0,0,1,4,3,,3,4,3,0,0,0,0,1,0,0,0,0,0,0,0,0,0,0,0,,0
10/17/2019 9:55:40,7,1,3,0,0,0,0,0,0,0,0,1,1,0,0,0,3,1,0,2,2,4,0,0,0,0,1,0,0,0,0,0,0,0,0,0,0,0,0,0
10/17/2019 10:02:03,7,1,1,0,0,0,0,0,0,0,0,0,1,0,0,0,5,1,0,1,1,1,0,0,0,0,0,0,0,0,0,0,0,0,0,0,0,0,,0
10/17/2019 10:03:05,7,1,2,0,0,0,0,0,0,0,0,1,0,0,0,0,5,1,0,1,3,3,0,0,0,0,1,0,0,0,0,0,0,0,0,0,0,0,0,0
10/17/2019 11:28:37,6,1,2,0,0,0,0,0,0,0,0,1,0,0,0,3,4,2,1,2,4,5,0,0,0,0,0,0,0,0,0,0,0,0,0,1,0,0,,1
10/17/2019 11:33:31,7,5,8,0,1,0,0,0,1,0,0,0,1,0,2,1,2,4,0,4,2,4,0,0,0,0,1,0,0,0,0,0,0,0,0,0,0,1,3,0
10/17/2019 11:36:11,6,4,0,0,0,0,0,0,0,0,0,0,1,0,0,4,1,1,0,1,3,,0,0,0,0,0,0,0,0,0,0,0,0,0,1,0,0,0,0
10/17/2019 11:44:02,12,6,3,0,1,1,0,0,0,0,1,0,0,0,2,1,3,4,1,4,4,4,0,0,0,0,1,0,0,0,0,0,0,0,0,0,0,0,,1
10/17/2019 11:44:51,6,3,4,0,1,0,0,1,0,0,1,1,0,0,0,2,3,2,0,4,4,3,0,0,0,0,0,0,0,0,0,0,0,0,0,1,0,1,2,
10/17/2019 11:49:59,6,2,22,0,1,0,0,0,0,0,0,0,0,1,1,0,2,1,0,2,5,4,0,0,0,0,0,0,0,0,0,0,0,0,0,1,0,1,2,0
10/17/2019 11:51:44,6,2,8,1,0,0,0,0,1,0,0,1,1,1,0,2,5,1,0,2,5,5,0,0,0,0,0,0,0,0,0,0,0,0,1,1,0,1,3,1
10/17/2019 11:52:57,7,3,3,0,1,0,0,0,0,0,0,0,1,0,1,1,3,2,0,4,3,3,0,0,0,0,0,1,0,0,0,0,0,0,0,0,0,0,3,0
10/17/2019 11:54:37,6,5,3,0,1,0,0,0,1,0,0,0,1,0,1,3,4,3,0,3,4,3,0,0,0,0,0,0,0,0,0,0,0,1,0,1,1,0,3,
10/17/2019 12:01:08,6,5,20,0,1,1,0,0,0,0,0,0,1,0,2,,5,2,0,3,4,5,1,0,0,0,0,0,0,0,0,0,0,0,0,0,0,0,0,0
10/17/2019 12:04:19,6,1,2,0,0,0,1,0,0,0,0,1,0,0,0,1,3,3,0,4,1,2,0,0,0,0,1,0,0,0,0,0,0,0,0,0,0,0,,0
10/17/2019 12:08:53,6,5,3,0,1,0,0,0,0,0,0,0,1,0,0,0,3,1,0,2,1,3,0,0,0,0,1,0,0,0,0,0,0,0,0,0,0,0,,0
10/17/2019 12:08:56,6,3,10,0,0,0,0,0,1,0,0,0,0,0,0,4,5,1,0,5,4,4,0,0,0,0,0,0,0,0,0,0,0,0,0,0,0,0,,0
10/17/2019 12:09:15,6,1,1,0,0,0,0,0,0,0,0,0,1,0,0,0,1,1,0,1,3,,0,0,0,0,1,0,0,0,0,0,0,0,0,0,0,0,0,1
10/17/2019 12:09:15,6,0,0,0,0,0,0,0,0,0,0,0,0,0,0,0,1,1,0,1,1,1,0,0,0,0,1,0,0,0,0,0,0,0,0,0,0,0,0,0
10/17/2019 12:09:20,6,0,0,0,0,0,0,0,0,0,0,0,0,0,0,,,,0,1,3,,0,0,0,0,1,0,0,0,0,0,0,0,0,0,0,0,0,
10/17/2019 12:09:24,6,4,3,0,0,0,0,1,0,0,1,0,1,0,0,4,1,4,0,1,1,1,0,0,0,0,1,0,0,0,0,0,0,0,0,0,0,0,,0
10/17/2019 12:09:41,6,1,3,0,1,0,0,0,1,0,0,0,1,0,0,1,4,3,0,1,3,3,0,0,0,0,1,0,0,0,0,0,0,0,0,0,0,0,0,0
10/17/2019 12:10:55,6,2,3,0,1,0,1,0,0,0,0,0,1,0,0,0,3,1,0,3,1,4,0,0,0,0,0,0,0,0,0,0,0,0,0,0,0,0,2,
10/17/2019 12:11:34,6,4,6,0,0,0,0,0,1,0,0,1,0,0,3,4,3,2,0,3,4,4,0,0,0,0,0,0,0,0,0,0,0,0,0,0,0,0,2,0
10/17/2019 12:11:52,6,3,2,0,1,0,0,0,0,0,0,0,0,0,,,3,4,1,3,2,4,0,0,0,0,1,0,0,0,0,0,0,0,0,0,0,0,,0
10/17/2019 12:12:19,6,3,5,0,1,0,0,0,0,0,0,0,1,0,0,0,4,1,0,4,3,3,0,0,0,0,0,0,0,0,0,0,0,0,0,0,0,0,,0
10/17/2019 12:12:28,6,1,5,0,0,0,0,0,0,0,0,0,1,0,0,0,3,2,0,1,3,3,0,0,0,0,1,0,0,0,0,0,0,0,0,0,0,0,,0
10/17/2019 12:12:44,6,2,3,0,1,0,1,0,0,0,0,1,0,0,1,0,3,2,0,3,3,3,0,0,0,0,0,0,0,0,0,0,0,0,0,0,0,0,,0
10/17/2019 12:16:21,6,0,2,1,1,0,0,0,0,0,0,0,0,0,0,0,4,2,0,2,1,4,0,0,0,0,0,0,0,0,0,0,0,0,0,0,0,0,,0
10/17/2019 12:16:23,6,0,1,0,0,0,0,0,0,0,0,0,0,0,4,,3,3,0,3,5,5,0,0,0,0,0,0,0,0,0,0,0,0,0,0,0,0,,0
10/17/2019 13:05:45,11,3,,0,0,0,0,0,1,0,1,0,1,0,1,0,2,1,0,2,1,3,0,0,0,0,0,0,0,0,0,0,0,0,0,0,0,1,,0
10/17/2019 13:43:22,10,6,,1,1,1,0,0,0,0,0,0,0,0,,4,5,5,4,5,5,5,0,1,0,0,0,0,0,0,0,0,0,0,1,0,0,1,,1
10/17/2019 13:43:51,6,0,0,0,0,0,0,1,0,0,1,0,0,0,0,0,1,1,0,1,2,3,0,0,0,0,1,0,0,0,0,0,0,0,0,0,0,0,0,0
10/17/2019 14:41:29,6,2,3,0,1,0,1,0,0,0,0,1,0,0,1,0,3,2,0,3,3,3,0,0,0,0,0,0,0,0,0,0,0,0,0,0,0,0,,0
10/17/2019 15:00:55,7,3,1,0,0,0,0,0,0,0,0,0,1,0,0,0,5,1,0,3,4,5,0,0,0,0,0,0,0,0,0,0,0,0,0,0,0,0,,0
10/17/2019 17:17:09,8,0,1,0,0,0,0,0,1,0,1,0,0,0,,0,4,1,0,3,3,3,0,0,0,0,0,0,0,0,0,0,0,0,0,0,0,0,2,
10/17/2019 17:38:27,8,5,7,0,0,0,0,0,1,0,1,0,1,0,0,1,3,1,0,2,3,3,0,0,0,0,1,0,0,0,0,0,0,0,0,0,0,0,2,0
10/17/2019 17:48:52,9,4,4,0,1,0,0,0,1,0,0,0,1,0,1,0,2,3,1,5,2,4,1,0,0,0,1,0,0,0,0,0,0,0,0,0,0,1,,0
10/17/2019 18:45:11,6,4,15,0,1,0,0,1,0,0,0,0,0,0,2,3,3,4,1,5,5,5,0,0,0,0,1,0,0,0,0,0,0,0,0,0,0,0,,1
10/17/2019 18:49:51,7,2,2,0,1,0,0,0,0,0,0,1,1,0,0,2,4,2,0,2,3,5,0,0,0,0,0,0,0,0,0,0,0,0,0,0,0,0,,0
10/17/2019 20:08:51,7,1,1,0,0,0,0,0,0,0,0,0,0,0,0,0,5,1,0,4,3,4,0,0,0,0,0,0,0,0,0,0,0,0,0,0,0,1,0,0
10/18/2019 8:04:08,6,4,,0,0,0,0,0,0,0,0,0,0,0,,0,,,0,1,1,1,0,0,0,0,1,0,0,0,0,0,0,0,0,0,0,0,0,0
10/18/2019 8:04:42,6,1,1,0,1,0,0,0,0,0,0,0,0,0,0,0,3,1,0,2,1,1,0,0,0,0,1,0,0,0,0,0,0,0,0,0,0,0,2,0
10/18/2019 8:06:15,6,1,3,1,1,0,0,0,0,0,0,0,1,0,0,0,3,2,0,3,4,3,0,0,0,0,1,0,0,0,0,0,0,0,0,0,0,0,2,0
10/18/2019 8:06:20,7,6,4,0,0,0,1,0,0,0,0,1,0,0,0,0,4,2,0,4,1,2,0,0,0,0,0,0,0,0,0,0,0,0,0,0,0,0,,0
10/18/2019 8:06:26,9,4,7,0,1,0,0,1,0,0,1,0,0,0,1,0,2,1,0,4,5,5,0,0,0,0,0,0,0,0,0,0,0,0,0,0,0,1,2,1
10/18/2019 8:06:49,6,1,4,0,0,0,1,0,0,0,0,1,1,0,0,0,3,1,0,2,1,3,0,0,0,0,0,0,0,0,0,0,0,0,0,0,0,0,,0
10/18/2019 8:06:49,6,2,3,0,1,0,0,0,1,0,0,0,1,0,1,1,5,3,1,3,2,2,1,0,0,0,0,0,0,0,0,0,0,0,0,1,0,0,2,0
10/18/2019 8:07:06,9,2,1,0,1,0,0,0,0,0,0,0,0,0,1,1,3,2,0,3,2,2,0,0,0,0,1,0,0,0,0,0,0,0,0,0,0,0,,0
10/18/2019 8:07:21,7,6,15,1,0,0,0,0,0,0,0,1,0,0,0,,4,3,0,5,5,3,0,0,0,0,0,0,0,0,0,0,0,0,0,0,0,0,3,0
10/18/2019 8:07:35,9,3,,0,1,0,0,1,1,0,0,0,0,0,1,0,3,1,0,3,4,5,0,0,0,0,0,0,0,0,0,0,0,0,0,0,0,1,3,0
10/18/2019 8:08:18,9,3,6,0,1,0,0,0,0,0,0,0,1,0,1,1,3,3,4,2,1,4,0,0,0,0,0,0,0,0,0,0,0,0,0,0,0,0,2,1
10/18/2019 8:09:00,9,3,9,0,1,0,0,0,0,0,0,0,1,0,3,1,4,3,2,3,2,4,1,1,0,0,0,0,0,0,0,0,0,1,0,0,0,0,3,0
10/18/2019 8:09:08,9,3,2,0,1,0,0,0,0,0,0,1,1,0,1,0,3,2,0,4,2,4,0,0,0,0,1,0,0,0,0,0,0,0,0,0,0,0,2,0
10/18/2019 8:09:17,9,4,10,0,0,0,0,0,0,0,0,1,0,0,1,0,3,2,0,3,2,3,0,0,0,0,0,0,0,0,0,0,0,0,0,0,0,0,,0
10/18/2019 8:09:18,8,4,5,0,0,0,0,0,1,0,1,0,1,0,0,0,2,1,0,1,3,3,0,0,0,0,0,0,0,0,0,0,0,0,0,0,0,1,,0
10/18/2019 8:09:29,9,4,10,0,0,0,0,0,0,0,0,1,0,0,1,0,3,2,0,3,2,3,0,0,0,0,0,0,0,0,0,0,0,0,0,0,0,0,,0
10/18/2019 8:09:31,8,2,4,0,0,0,1,0,1,0,0,1,0,0,0,0,3,1,0,3,1,3,0,0,0,0,1,0,0,0,0,0,0,0,0,0,0,0,,0
10/18/2019 8:09:50,9,0,3,0,0,0,0,0,0,1,0,1,1,0,0,0,1,1,0,1,5,5,0,0,0,0,1,0,0,0,0,0,0,0,0,0,0,0,0,0
10/18/2019 8:10:14,9,2,3,0,1,0,0,0,0,0,0,1,0,0,,1,2,3,0,3,2,2,0,0,0,0,1,0,0,0,0,0,0,0,0,0,0,0,2,0
10/18/2019 8:10:19,9,4,5,0,1,0,0,0,0,0,0,1,1,0,1,0,3,1,0,3,2,3,0,0,0,0,1,0,0,0,0,0,0,0,0,0,0,0,2,0
10/18/2019 8:10:33,9,3,4,0,1,1,0,0,0,0,0,0,1,0,1,0,3,3,0,3,3,3,1,0,0,0,0,1,0,0,0,1,0,0,0,0,0,0,2,0
10/18/2019 8:11:00,9,5,6,0,1,1,0,0,0,0,0,0,1,0,3,1,3,2,1,4,2,3,0,0,0,0,0,0,0,0,0,0,0,0,0,0,0,0,2,1
10/18/2019 8:11:01,9,3,1,0,1,0,0,0,1,0,0,0,1,0,2,0,2,1,0,2,1,4,0,0,0,0,0,0,0,0,0,0,0,0,0,0,0,1,2,0
10/18/2019 8:11:05,9,4,6,0,1,1,0,0,0,0,0,0,0,0,1,0,4,3,0,4,3,4,0,0,0,0,0,0,0,0,0,0,0,0,0,0,0,1,2,0
10/18/2019 8:11:13,6,2,,0,0,0,0,0,1,0,0,0,0,0,0,1,3,2,0,2,3,3,0,0,0,0,1,0,0,0,0,0,0,0,0,0,0,0,0,1
10/18/2019 8:11:15,9,3,3,0,1,0,0,0,0,0,0,0,1,0,1,0,4,2,0,2,3,5,0,0,0,0,1,0,0,0,0,0,0,0,0,0,0,0,2,0
10/18/2019 8:11:55,9,6,3,0,1,0,0,0,1,0,0,0,1,0,1,0,3,1,0,2,3,5,0,0,0,0,1,0,0,0,0,0,0,0,0,0,0,0,0,
10/18/2019 8:13:31,9,4,5,1,1,0,0,0,0,0,0,0,1,0,2,2,5,3,1,2,4,3,0,0,0,0,0,0,0,0,0,0,0,0,0,0,0,0,3,1
10/18/2019 8:13:49,8,3,2,0,1,0,0,0,1,0,1,0,0,0,2,1,4,1,0,2,3,3,0,1,0,0,0,0,0,0,0,0,0,0,0,1,0,1,,0
10/18/2019 8:14:01,6,2,4,0,0,0,0,0,0,0,0,0,0,0,0,2,1,1,0,2,4,4,0,0,0,0,0,0,0,0,0,0,0,0,0,0,0,1,,0
10/18/2019 8:14:20,6,0,1,0,0,0,0,0,0,0,0,0,0,0,0,0,,1,1,2,,,0,0,0,0,1,0,0,0,0,0,0,0,0,0,0,0,,0
10/18/2019 8:14:52,9,5,6,0,0,0,0,0,0,0,0,1,0,0,0,0,3,,,4,4,3,0,0,0,0,0,0,0,0,0,0,0,0,0,0,0,0,0,0
10/18/2019 8:15:22,9,6,5,0,0,0,0,0,1,0,1,1,0,0,1,0,4,2,1,2,4,5,1,0,0,0,0,0,0,0,0,0,0,0,0,0,0,1,0,0
10/18/2019 8:15:24,6,3,5,0,1,1,0,0,0,0,0,0,1,0,1,3,1,5,0,4,4,4,0,1,0,0,0,0,0,0,0,0,0,0,1,0,0,1,2,0
10/18/2019 8:16:05,9,3,5,0,1,0,0,1,0,0,0,0,1,0,2,0,4,3,2,5,5,,0,1,0,0,0,0,0,0,0,0,0,1,0,0,0,0,2,1
10/18/2019 8:20:43,8,3,2,0,1,0,0,0,1,0,1,0,0,0,2,1,4,1,0,2,3,3,0,1,0,0,0,0,0,0,0,0,0,0,0,1,0,1,,0
10/18/2019 8:20:50,8,3,2,0,1,0,0,0,1,0,1,0,0,0,2,1,4,1,0,2,3,3,0,1,0,0,0,0,0,0,0,0,0,0,0,1,0,1,,0
10/18/2019 8:22:03,7,3,6,0,1,0,0,0,0,0,0,0,0,0,1,3,3,2,1,3,3,3,0,0,0,0,0,0,0,0,0,0,0,0,0,0,0,0,0,0
10/18/2019 9:40:46,8,4,5,0,1,0,0,0,0,0,1,0,1,0,0,0,5,2,0,2,3,3,0,0,0,0,1,0,0,0,0,0,0,0,0,0,0,0,,0
10/18/2019 12:39:51,6,1,3,0,1,0,0,0,0,0,0,0,1,0,0,,3,2,0,2,1,2,0,0,0,0,0,0,0,0,0,0,0,0,0,0,0,0,2,0
10/18/2019 12:41:58,9,3,1,0,1,0,0,0,0,0,0,0,1,0,1,0,4,2,0,3,5,4,0,0,0,0,1,0,0,0,0,0,0,0,0,0,0,0,,0
10/18/2019 14:38:21,10,1,5,0,1,0,0,0,1,0,1,0,0,0,1,2,3,3,0,2,3,4,0,0,0,0,0,0,0,0,0,0,0,0,0,0,1,1,,0
10/18/2019 17:01:35,9,1,3,0,1,0,0,0,0,0,0,0,1,0,2,0,4,1,1,1,1,2,0,0,0,0,1,0,0,0,0,0,0,0,0,0,0,0,0,0
10/18/2019 19:07:19,9,5,2,0,1,0,1,0,1,0,0,0,0,0,2,,5,4,2,5,5,4,0,0,0,0,1,0,0,0,0,0,0,0,0,0,0,0,,1
10/18/2019 19:20:32,10,6,,0,0,0,0,0,0,0,0,0,0,0,,,,,,,,,0,0,0,0,0,0,0,0,0,0,0,0,0,0,0,0,,
10/18/2019 20:43:26,,,,0,0,0,0,0,0,0,0,0,0,0,,,,,,,,,0,0,0,0,0,0,0,0,0,0,0,0,0,0,0,0,,
10/18/2019 22:57:20,11,4,12,0,1,1,0,1,0,0,0,0,0,0,2,2,4,2,0,4,2,4,0,0,0,0,0,0,0,0,0,0,0,0,0,0,0,0,3,0
10/19/2019 9:22:25,6,1,2,0,0,0,0,0,0,0,0,1,1,0,,0,5,1,0,2,3,4,0,0,0,0,0,0,0,0,0,0,0,0,0,0,0,0,0,0
10/19/2019 13:02:53,9,2,2,0,0,1,1,0,0,0,0,0,1,0,3,0,4,3,1,3,2,4,0,0,0,0,0,0,0,0,0,0,0,0,0,0,0,1,2,
10/20/2019 0:23:22,9,6,11,0,1,0,0,0,1,0,0,0,1,0,2,4,4,2,0,3,4,4,0,0,0,0,0,0,0,0,0,0,0,0,0,0,0,1,,0
10/20/2019 15:32:38,10,4,5,0,1,0,0,1,0,0,0,0,1,0,1,0,3,1,0,4,4,4,0,0,0,0,0,0,0,0,0,0,0,0,0,0,0,1,,1
10/20/2019 20:52:31,10,1,6,0,0,0,0,0,1,0,0,0,1,1,0,0,2,1,0,1,4,4,0,0,0,0,1,0,0,0,0,0,0,0,0,0,0,0,,0
10/20/2019 23:59:12,7,0,0,0,0,0,0,0,0,0,0,0,1,0,0,0,,,0,1,,,0,0,0,0,0,0,0,0,0,0,0,0,0,0,0,0,0,0
10/21/2019 10:19:04,9,5,9,0,1,0,0,0,1,0,0,0,1,0,2,0,5,2,1,2,2,4,1,0,0,0,0,0,0,0,0,1,0,0,0,0,0,1,,0
10/21/2019 14:54:17,7,2,2,0,0,0,0,0,0,0,1,0,0,0,0,2,1,1,0,5,3,5,0,0,0,0,1,0,0,0,0,0,0,0,0,0,0,0,3,0
10/21/2019 21:52:07,9,3,,0,1,0,0,0,0,1,0,0,1,0,1,0,2,1,0,4,2,3,0,0,0,0,0,0,0,0,0,0,0,0,0,1,1,1,,0
10/22/2019 8:50:24,12,5,8,0,1,1,0,0,1,0,0,0,0,0,1,0,3,1,0,5,1,4,0,0,0,0,0,0,0,0,0,0,0,0,0,0,0,1,3,0
10/22/2019 9:47:32,11,5,4,0,1,1,0,0,0,0,0,0,1,0,1,0,3,2,0,4,1,3,0,0,0,0,0,0,0,0,0,0,1,0,0,0,0,0,,0
10/22/2019 10:31:27,6,6,26,0,1,0,0,0,1,0,0,0,0,0,3,4,,,,,,,0,0,0,0,0,0,0,0,0,0,0,0,0,0,0,0,,
10/22/2019 11:38:09,6,0,2,0,1,0,0,0,1,0,0,0,0,0,,0,4,1,0,1,1,3,0,0,0,0,1,0,0,0,0,0,0,0,0,0,0,0,0,0
10/22/2019 11:39:27,6,3,2,0,0,0,0,0,1,0,0,0,1,0,0,,4,4,1,3,4,4,0,0,0,0,0,0,0,0,0,0,0,0,0,1,0,0,2,1
10/22/2019 11:52:02,6,2,4,0,1,1,0,0,0,0,0,0,1,0,1,1,3,3,0,3,2,3,0,0,0,0,0,0,0,0,0,0,0,0,0,0,0,0,,0
10/22/2019 11:52:02,6,2,4,0,1,1,0,0,0,0,0,0,1,0,1,2,3,3,0,2,2,,0,0,0,0,0,0,0,0,0,0,0,0,0,0,0,0,,0
10/22/2019 14:47:23,6,6,100,1,0,0,1,0,0,0,0,0,0,1,0,4,5,5,0,5,5,5,0,0,0,0,0,0,0,0,0,0,0,0,0,0,0,0,,1
10/22/2019 16:36:10,6,6,2202132132141545632,0,0,0,1,0,0,1,1,0,0,0,0,4,1,5,4,5,5,5,0,0,0,0,0,0,0,0,0,0,0,0,1,1,0,1,,1
10/22/2019 22:06:39,7,5,2,0,0,0,0,0,0,0,0,0,1,0,0,2,4,1,0,3,4,5,0,0,0,0,0,1,0,0,0,0,0,0,0,1,0,0,0,0
10/22/2019 22:30:16,6,5,19,0,1,0,0,0,1,0,0,0,1,0,1,1,3,2,0,5,3,4,0,0,0,0,0,0,0,0,0,0,0,0,1,0,0,1,3,1
10/23/2019 9:34:56,9,3,6,0,1,0,0,0,0,0,0,0,1,0,1,0,3,1,0,2,1,3,0,0,0,0,1,0,0,0,0,0,0,0,0,0,0,0,2,0
10/23/2019 11:04:52,6,0,2,0,0,0,0,0,0,0,0,0,0,0,0,0,,,0,,,,0,0,0,0,0,0,0,0,0,0,0,0,0,0,0,0,,
10/23/2019 13:01:44,7,0,1,0,0,0,0,0,1,0,1,0,0,1,0,2,5,1,1,1,4,4,0,0,0,0,0,0,0,0,0,0,0,0,0,0,0,1,,
10/23/2019 13:40:41,6,3,9,0,1,1,0,0,0,0,0,0,1,0,1,,4,4,1,3,4,5,0,0,0,0,1,0,0,0,0,0,0,0,0,0,0,0,2,0
10/23/2019 15:57:39,9,3,5,0,1,1,0,0,0,0,0,0,1,0,2,1,3,2,0,2,1,4,0,0,0,0,1,0,0,0,0,0,0,0,0,0,0,0,2,0
10/23/2019 19:50:38,6,2,2,0,0,0,0,0,0,0,0,0,0,0,0,0,1,1,0,1,1,5,0,0,0,0,0,0,0,0,0,0,0,0,0,0,0,0,,0
10/24/2019 18:11:40,6,2,2,0,0,0,0,1,0,0,0,0,1,0,0,2,5,1,0,4,2,4,0,0,0,0,1,0,0,0,0,0,0,0,0,0,0,0,0,1
10/24/2019 19:35:52,9,3,15,0,1,1,0,0,0,0,0,0,1,0,2,1,4,3,1,3,4,4,0,0,0,0,1,0,0,0,0,0,0,0,0,0,0,0,2,0
10/25/2019 11:37:32,6,5,22,0,1,0,0,0,1,0,0,0,1,0,,3,3,3,1,5,5,5,0,0,0,0,0,0,0,0,0,0,0,0,0,0,0,0,,0
10/26/2019 13:07:54,,,,0,0,0,0,0,0,0,0,0,0,0,,,,,,,,,0,0,0,0,0,0,0,0,0,0,0,0,0,0,0,0,,
10/26/2019 21:22:14,8,2,3,0,1,0,0,0,1,0,0,0,0,0,0,0,5,2,0,3,2,3,0,0,0,0,1,0,0,0,0,0,0,0,0,0,0,1,0,0
11/3/2019 10:06:21,7,2,38092132083,0,1,0,0,0,0,0,0,1,0,0,1,0,4,1,0,1,3,3,0,0,0,0,0,0,0,0,0,0,0,0,0,0,0,0,,0
11/5/2019 9:01:55,6,3,4,0,1,0,1,0,0,0,0,0,1,0,0,0,2,3,1,3,2,4,0,0,0,0,0,0,0,0,0,0,0,0,0,0,0,0,0,0
11/5/2019 11:44:52,9,1,3,0,0,0,0,1,0,0,0,1,0,0,0,0,2,1,0,1,2,5,0,0,0,0,1,0,0,0,0,0,0,0,0,0,0,0,2,1
11/5/2019 18:24:31,7,1,3,0,0,0,0,0,0,0,0,0,0,0,0,1,1,1,0,1,5,5,0,0,0,0,0,0,0,0,0,0,0,0,0,0,0,0,0,0
11/6/2019 21:30:38,11,4,6,0,1,1,0,1,0,0,0,0,0,0,3,0,3,1,0,4,2,3,0,0,0,0,0,0,0,0,0,0,0,0,0,0,0,0,2,0
11/7/2019 14:59:47,11,3,8,0,1,0,0,0,0,1,1,0,0,0,2,0,2,2,0,4,3,5,0,0,0,0,1,0,0,0,0,0,0,0,0,0,0,0,3,0